Country,Year,Emissions
Afghanistan,2000,0.037234781
Afghanistan,2001,0.037846136
Afghanistan,2002,0.047377324000000005
Afghanistan,2003,0.051255589000000004
Afghanistan,2004,0.037075331
Afghanistan,2005,0.051743965
Afghanistan,2006,0.062427532
Afghanistan,2007,0.083892806
Afghanistan,2008,0.15172091199999999
Afghanistan,2009,0.23839854100000002
Afghanistan,2010,0.28998763
Afghanistan,2011,0.40642421700000003
Afghanistan,2012,0.34514878299999996
Afghanistan,2013,0.280454641
Afghanistan,2014,0.253727945
Afghanistan,2015,0.262555711
Afghanistan,2016,0.24510142199999999
Albania,2000,0.9781746809999999
Albania,2001,1.053304176
Albania,2002,1.2295407090000001
Albania,2003,1.4126971959999999
Albania,2004,1.376212735
Albania,2005,1.412498211
Albania,2006,1.3025763670000001
Albania,2007,1.322334855
Albania,2008,1.4843111390000001
Albania,2009,1.495600199
Albania,2010,1.5785735840000001
Albania,2011,1.803714725
Albania,2012,1.6979655569999998
Albania,2013,1.6972793959999999
Albania,2014,1.90006971
Albania,2015,1.602648034
Albania,2016,1.577162624
Algeria,2000,2.830379965
Algeria,2001,2.677772173
Algeria,2002,2.8223888980000003
Algeria,2003,2.8383196560000004
Algeria,2004,2.707388281
Algeria,2005,3.2361682710000004
Algeria,2006,3.004365149
Algeria,2007,3.2020673360000003
Algeria,2008,3.1732245519999998
Algeria,2009,3.435787368
Algeria,2010,3.312560602
Algeria,2011,3.30557127
Algeria,2012,3.477108092
Algeria,2013,3.525557358
Algeria,2014,3.735802777
Algeria,2015,3.8545565760000002
Algeria,2016,3.69915599
Angola,2000,0.581961496
Angola,2001,0.574316054
Angola,2002,0.722958875
Angola,2003,0.500225396
Angola,2004,1.001878117
Angola,2005,0.985736355
Angola,2006,1.105019027
Angola,2007,1.203134
Angola,2008,1.185000494
Angola,2009,1.234425074
Angola,2010,1.244091538
Angola,2011,1.262824619
Angola,2012,1.361181055
Angola,2013,1.295075373
Angola,2014,1.664740736
Angola,2015,1.240245462
Angola,2016,1.202860579
Argentina,2000,3.8549919480000003
Argentina,2001,3.587350317
Argentina,2002,3.3096836880000002
Argentina,2003,3.546088324
Argentina,2004,4.094082917
Argentina,2005,4.168128548
Argentina,2006,4.465186021
Argentina,2007,4.414246417
Argentina,2008,4.718224428
Argentina,2009,4.445387803
Argentina,2010,4.606804136
Argentina,2011,4.644106454
Argentina,2012,4.625259616
Argentina,2013,4.589774171
Argentina,2014,4.588229602
Argentina,2015,4.664010748
Argentina,2016,4.619085482
Armenia,2000,1.1289175009999999
Armenia,2001,1.1611555040000001
Armenia,2002,1.00317471
Armenia,2003,1.136090873
Armenia,2004,1.214707803
Armenia,2005,1.458795567
Armenia,2006,1.4800350340000001
Armenia,2007,1.724327205
Armenia,2008,1.9094110709999998
Armenia,2009,1.5096690130000001
Armenia,2010,1.4630689190000001
Armenia,2011,1.709501839
Armenia,2012,1.974479488
Armenia,2013,1.8970400859999998
Armenia,2014,1.8987193740000001
Armenia,2015,1.6420040930000002
Armenia,2016,1.7559760309999999
Australia,2000,17.20060983
Australia,2001,16.73336743
Australia,2002,17.37045177
Australia,2003,16.90195895
Australia,2004,17.02651535
Australia,2005,17.16971145
Australia,2006,17.65139831
Australia,2007,17.86526004
Australia,2008,18.16087566
Australia,2009,18.20018196
Australia,2010,17.74084505
Australia,2011,17.53887776
Australia,2012,17.07290468
Australia,2013,16.09805289
Australia,2014,15.39110908
Australia,2015,15.33978358
Australia,2016,15.53922046
Austria,2000,7.771971173
Austria,2001,8.191402004
Austria,2002,8.291402441
Austria,2003,8.847570801
Austria,2004,8.827850116
Austria,2005,8.971590197000001
Austria,2006,8.685610489
Austria,2007,8.368402844
Austria,2008,8.269096686000001
Austria,2009,7.526222825
Austria,2010,8.078585585
Austria,2011,7.753378092999999
Austria,2012,7.393167086
Austria,2013,7.373937403999999
Austria,2014,6.892179661
Austria,2015,7.088592233
Austria,2016,7.033335706
Azerbaijan,2000,3.666271029
Azerbaijan,2001,3.547105484
Azerbaijan,2002,3.623944346
Azerbaijan,2003,3.718169927
Azerbaijan,2004,3.8632296389999996
Azerbaijan,2005,4.091801927
Azerbaijan,2006,4.616299863
Azerbaijan,2007,3.5553401
Azerbaijan,2008,4.051383481
Azerbaijan,2009,3.5656682180000003
Azerbaijan,2010,3.3882258789999997
Azerbaijan,2011,3.6245930210000004
Azerbaijan,2012,3.8079145339999996
Azerbaijan,2013,3.7694924210000003
Azerbaijan,2014,3.920792371
Azerbaijan,2015,3.8964060860000003
Azerbaijan,2016,3.855347182
Bahrain,2000,28.31587801
Bahrain,2001,20.21319771
Bahrain,2002,21.61354479
Bahrain,2003,21.57701475
Bahrain,2004,21.63494826
Bahrain,2005,22.35673846
Bahrain,2006,20.33953035
Bahrain,2007,25.91525689
Bahrain,2008,26.70698996
Bahrain,2009,23.81076404
Bahrain,2010,23.58551891
Bahrain,2011,22.57032933
Bahrain,2012,21.19618937
Bahrain,2013,23.88377367
Bahrain,2014,23.47736317
Bahrain,2015,23.97708643
Bahrain,2016,22.22898097
Bangladesh,2000,0.216415811
Bangladesh,2001,0.250764528
Bangladesh,2002,0.253743015
Bangladesh,2003,0.260732325
Bangladesh,2004,0.275079009
Bangladesh,2005,0.284106739
Bangladesh,2006,0.309163115
Bangladesh,2007,0.31220569600000003
Bangladesh,2008,0.343895204
Bangladesh,2009,0.373296973
Bangladesh,2010,0.40808379100000003
Bangladesh,2011,0.423609216
Bangladesh,2012,0.448127943
Bangladesh,2013,0.45466431700000004
Bangladesh,2014,0.477335997
Bangladesh,2015,0.5188508589999999
Bangladesh,2016,0.533298791
Barbados,2000,4.240789643
Barbados,2001,4.360029358
Barbados,2002,4.398924751
Barbados,2003,4.5715691739999995
Barbados,2004,4.648955261
Barbados,2005,4.830535278999999
Barbados,2006,4.9029541189999994
Barbados,2007,4.881438823
Barbados,2008,5.789738021000001
Barbados,2009,5.73979737
Barbados,2010,5.237995825
Barbados,2011,5.403566242
Barbados,2012,5.18317589
Barbados,2013,5.094918676
Barbados,2014,4.40310366
Barbados,2015,4.395403121
Barbados,2016,4.465128973000001
Belarus,2000,5.3897452910000005
Belarus,2001,5.314049012
Belarus,2002,5.311929657
Belarus,2003,5.464145912
Belarus,2004,5.977157999
Belarus,2005,6.1224715860000005
Belarus,2006,6.462446657999999
Belarus,2007,6.330314039
Belarus,2008,6.623163555
Belarus,2009,6.4396842670000005
Belarus,2010,6.64269666
Belarus,2011,6.7625173489999995
Belarus,2012,6.653257675
Belarus,2013,6.661111872
Belarus,2014,6.6284204010000005
Belarus,2015,6.141410885
Belarus,2016,6.133707567999999
Belgium,2000,11.2296677
Belgium,2001,11.13371551
Belgium,2002,10.3854951
Belgium,2003,10.88211417
Belgium,2004,10.66129022
Belgium,2005,10.35854254
Belgium,2006,10.16355441
Belgium,2007,9.755475498
Belgium,2008,9.7523272
Belgium,2009,9.197989292
Belgium,2010,10.11963524
Belgium,2011,9.056655467
Belgium,2012,8.565189829
Belgium,2013,8.737190336
Belgium,2014,8.347134375
Belgium,2015,8.811835806
Belgium,2016,8.550513254
Benin,2000,0.23286096899999997
Benin,2001,0.256497596
Benin,2002,0.28500023399999996
Benin,2003,0.313037269
Benin,2004,0.323642156
Benin,2005,0.299985405
Benin,2006,0.471266952
Benin,2007,0.531738861
Benin,2008,0.507237101
Benin,2009,0.521063069
Benin,2010,0.553283259
Benin,2011,0.534885417
Benin,2012,0.493745251
Benin,2013,0.503981273
Benin,2014,0.522592065
Benin,2015,0.573491445
Benin,2016,0.595647727
Bhutan,2000,0.670087865
Bhutan,2001,0.637855344
Bhutan,2002,0.678613287
Bhutan,2003,0.601588942
Bhutan,2004,0.48218654899999996
Bhutan,2005,0.6104704670000001
Bhutan,2006,0.596840632
Bhutan,2007,0.5901386120000001
Bhutan,2008,0.627898805
Bhutan,2009,0.5730337910000001
Bhutan,2010,0.711464428
Bhutan,2011,1.057842371
Bhutan,2012,1.191699343
Bhutan,2013,1.295927562
Bhutan,2014,1.4432269530000001
Bhutan,2015,1.466042293
Bhutan,2016,1.712274453
Bosnia and Herzegovina,2000,3.67562599
Bosnia and Herzegovina,2001,3.558116177
Bosnia and Herzegovina,2002,3.8041574330000003
Bosnia and Herzegovina,2003,3.851050178
Bosnia and Herzegovina,2004,4.14708142
Bosnia and Herzegovina,2005,4.303598542
Bosnia and Herzegovina,2006,4.664794722
Bosnia and Herzegovina,2007,4.691454151
Bosnia and Herzegovina,2008,5.368241131
Bosnia and Herzegovina,2009,5.541816272
Bosnia and Herzegovina,2010,5.741760834
Bosnia and Herzegovina,2011,6.5243639
Bosnia and Herzegovina,2012,6.1744418539999995
Bosnia and Herzegovina,2013,6.1879114379999995
Bosnia and Herzegovina,2014,5.578265037
Bosnia and Herzegovina,2015,5.414911991
Bosnia and Herzegovina,2016,6.451938373
Botswana,2000,2.300613874
Botswana,2001,2.299158405
Botswana,2002,2.334035534
Botswana,2003,2.2073065119999997
Botswana,2004,2.2078512530000003
Botswana,2005,2.276743421
Botswana,2006,2.253041002
Botswana,2007,2.256363909
Botswana,2008,2.35260558
Botswana,2009,1.9897742409999999
Botswana,2010,2.299366163
Botswana,2011,2.001436934
Botswana,2012,2.491951415
Botswana,2013,2.748646327
Botswana,2014,3.283177265
Botswana,2015,2.56084596
Botswana,2016,2.935373787
Brazil,2000,1.876441307
Brazil,2001,1.90429564
Brazil,2002,1.850682075
Brazil,2003,1.7690055709999999
Brazil,2004,1.835946431
Brazil,2005,1.8659770580000001
Brazil,2006,1.847654542
Brazil,2007,1.910334175
Brazil,2008,2.018593476
Brazil,2009,1.893620024
Brazil,2010,2.144736395
Brazil,2011,2.224711944
Brazil,2012,2.3585483640000002
Brazil,2013,2.505408788
Brazil,2014,2.631289885
Brazil,2015,2.466788048
Brazil,2016,2.242393446
Brunei Darussalam,2000,14.14342743
Brunei Darussalam,2001,13.25380109
Brunei Darussalam,2002,12.62579373
Brunei Darussalam,2003,12.99511737
Brunei Darussalam,2004,13.90557072
Brunei Darussalam,2005,13.70929354
Brunei Darussalam,2006,13.13240048
Brunei Darussalam,2007,22.44413479
Brunei Darussalam,2008,24.03617354
Brunei Darussalam,2009,20.47909645
Brunei Darussalam,2010,21.10681443
Brunei Darussalam,2011,24.62749182
Brunei Darussalam,2012,24.22676314
Brunei Darussalam,2013,19.29518002
Brunei Darussalam,2014,22.09494374
Brunei Darussalam,2015,17.04874345
Brunei Darussalam,2016,18.25638399
Bulgaria,2000,5.328034342
Bulgaria,2001,5.800066473999999
Bulgaria,2002,5.695266947
Bulgaria,2003,6.084370085
Bulgaria,2004,6.064891808
Bulgaria,2005,6.256282044
Bulgaria,2006,6.445333272
Bulgaria,2007,6.9254352820000005
Bulgaria,2008,6.772087541
Bulgaria,2009,5.731193724
Bulgaria,2010,5.964900206
Bulgaria,2011,6.71637861
Bulgaria,2012,6.140537331
Bulgaria,2013,5.450695962999999
Bulgaria,2014,5.859433041
Bulgaria,2015,6.232579562000001
Bulgaria,2016,5.8515010620000005
Burkina Faso,2000,0.089716851
Burkina Faso,2001,0.083504269
Burkina Faso,2002,0.081733493
Burkina Faso,2003,0.085194017
Burkina Faso,2004,0.08470597099999999
Burkina Faso,2005,0.083875344
Burkina Faso,2006,0.098375854
Burkina Faso,2007,0.111924126
Burkina Faso,2008,0.121819571
Burkina Faso,2009,0.125211461
Burkina Faso,2010,0.134881687
Burkina Faso,2011,0.136812099
Burkina Faso,2012,0.162867174
Burkina Faso,2013,0.17161433899999998
Burkina Faso,2014,0.16827397600000002
Burkina Faso,2015,0.183849877
Burkina Faso,2016,0.183287285
Burundi,2000,0.04254013
Burundi,2001,0.031468942
Burundi,2002,0.031724704
Burundi,2003,0.023352787000000003
Burundi,2004,0.027765917999999997
Burundi,2005,0.020912001
Burundi,2006,0.024582112000000003
Burundi,2007,0.023786811
Burundi,2008,0.023465617
Burundi,2009,0.02270678
Burundi,2010,0.035505087000000005
Burundi,2011,0.047483001
Burundi,2012,0.042040072000000005
Burundi,2013,0.04304943
Burundi,2014,0.039112493
Burundi,2015,0.039701653999999996
Burundi,2016,0.047201096
Cameroon,2000,0.22124043899999998
Cameroon,2001,0.21478626
Cameroon,2002,0.20893307
Cameroon,2003,0.225901762
Cameroon,2004,0.229249619
Cameroon,2005,0.208439099
Cameroon,2006,0.211886527
Cameroon,2007,0.311484739
Cameroon,2008,0.28798629800000003
Cameroon,2009,0.339833528
Cameroon,2010,0.33332691
Cameroon,2011,0.301338806
Cameroon,2012,0.280419195
Cameroon,2013,0.22738846899999998
Cameroon,2014,0.299738143
Cameroon,2015,0.34028366299999996
Cameroon,2016,0.34652262100000003
Canada,2000,17.41463895
Canada,2001,17.01842806
Canada,2002,16.56039221
Canada,2003,17.47884132
Canada,2004,17.32455499
Canada,2005,17.41190097
Canada,2006,17.56133592
Canada,2007,17.38715721
Canada,2008,16.89745662
Canada,2009,15.82542959
Canada,2010,15.5055134
Canada,2011,15.22379395
Canada,2012,14.91382201
Canada,2013,14.7988829
Canada,2014,15.25547233
Canada,2015,15.38895031
Canada,2016,15.09005647
Central African Republic,2000,0.07353285799999999
Central African Republic,2001,0.066009622
Central African Republic,2002,0.064618813
Central African Republic,2003,0.060468192999999996
Central African Republic,2004,0.059266517000000005
Central African Republic,2005,0.058114364
Central African Republic,2006,0.060551680999999996
Central African Republic,2007,0.060272129
Central African Republic,2008,0.059209298
Central African Republic,2009,0.058332152000000005
Central African Republic,2010,0.060186452
Central African Republic,2011,0.063071953
Central African Republic,2012,0.06612546400000001
Central African Republic,2013,0.064305245
Central African Republic,2014,0.06489284099999999
Central African Republic,2015,0.065290207
Central African Republic,2016,0.065457798
Chad,2000,0.05836898
Chad,2001,0.057890764000000004
Chad,2002,0.056514007000000005
Chad,2003,0.079411955
Chad,2004,0.07684498299999999
Chad,2005,0.07590679
Chad,2006,0.075744727
Chad,2007,0.07898032
Chad,2008,0.082956472
Chad,2009,0.081523098
Chad,2010,0.083451527
Chad,2011,0.06645164099999999
Chad,2012,0.071993351
Chad,2013,0.07294932400000001
Chad,2014,0.073267221
Chad,2015,0.070944141
Chad,2016,0.069755686
Chile,2000,3.833506699
Chile,2001,3.43772838
Chile,2002,3.517039182
Chile,2003,3.5081351310000004
Chile,2004,3.73249299
Chile,2005,3.82001803
Chile,2006,3.9630810569999997
Chile,2007,4.333797151000001
Chile,2008,4.300340466000001
Chile,2009,3.9562164010000003
Chile,2010,4.234476106
Chile,2011,4.59822558
Chile,2012,4.653625241
Chile,2013,4.736431087
Chile,2014,4.454138162
Chile,2015,4.632585658
Chile,2016,4.713171921
China,2000,2.696862433
China,2001,2.742120813
China,2002,3.007083197
China,2003,3.5240740930000003
China,2004,4.037990651
China,2005,4.523178064
China,2006,4.980314197
China,2007,5.082123622
China,2008,5.701915025
China,2009,5.677170257
China,2010,6.560520007
China,2011,7.241515419
China,2012,7.424750916
China,2013,7.557211045
China,2014,7.5439076410000006
China,2015,7.398524566
China,2016,7.175809897000001
Colombia,2000,1.461619449
Colombia,2001,1.3978991490000001
Colombia,2002,1.3617346240000001
Colombia,2003,1.3841899119999999
Colombia,2004,1.30884744
Colombia,2005,1.429045579
Colombia,2006,1.456923175
Colombia,2007,1.427394162
Colombia,2008,1.53855823
Colombia,2009,1.637733487
Colombia,2010,1.7035692919999998
Colombia,2011,1.6846496990000002
Colombia,2012,1.7402728809999999
Colombia,2013,1.994413199
Colombia,2014,1.845475959
Colombia,2015,1.980399139
Colombia,2016,2.030532105
Comoros,2000,0.189314418
Comoros,2001,0.184706272
Comoros,2002,0.180298132
Comoros,2003,0.226353755
Comoros,2004,0.239461311
Comoros,2005,0.227828399
Comoros,2006,0.257569541
Comoros,2007,0.16002618400000002
Comoros,2008,0.161805094
Comoros,2009,0.196081111
Comoros,2010,0.23394210699999998
Comoros,2011,0.192025124
Comoros,2012,0.19756697
Comoros,2013,0.237376687
Comoros,2014,0.202812784
Comoros,2015,0.21697555
Comoros,2016,0.253503052
Costa Rica,2000,1.3817054530000001
Costa Rica,2001,1.428049411
Costa Rica,2002,1.5424751730000001
Costa Rica,2003,1.5913027519999998
Costa Rica,2004,1.640325621
Costa Rica,2005,1.602680619
Costa Rica,2006,1.6337488830000002
Costa Rica,2007,1.844061519
Costa Rica,2008,1.821535135
Costa Rica,2009,1.7480290840000001
Costa Rica,2010,1.653498575
Costa Rica,2011,1.5916684909999999
Costa Rica,2012,1.565202005
Costa Rica,2013,1.627764831
Costa Rica,2014,1.635675761
Costa Rica,2015,1.5499147659999999
Costa Rica,2016,1.637646665
Croatia,2000,4.328211925
Croatia,2001,4.743616793999999
Croatia,2002,4.991418757
Croatia,2003,5.341070163
Croatia,2004,5.198168006
Croatia,2005,5.241676788
Croatia,2006,5.24384626
Croatia,2007,5.528298459
Croatia,2008,5.2422119380000005
Croatia,2009,4.916384236
Croatia,2010,4.696195978
Croatia,2011,4.652472701000001
Croatia,2012,4.228485471
Croatia,2013,4.136016518
Croatia,2014,3.988513088
Croatia,2015,4.118348684
Croatia,2016,4.189377314
Cuba,2000,2.344271343
Cuba,2001,2.2797497680000003
Cuba,2002,2.329599824
Cuba,2003,2.269590762
Cuba,2004,2.222618822
Cuba,2005,2.309299351
Cuba,2006,2.35365352
Cuba,2007,2.3072092719999997
Cuba,2008,2.486661219
Cuba,2009,2.51245169
Cuba,2010,3.038892886
Cuba,2011,2.614653986
Cuba,2012,2.642483531
Cuba,2013,2.477553374
Cuba,2014,2.443066279
Cuba,2015,2.58233029
Cuba,2016,2.495218264
Cyprus,2000,7.397832056
Cyprus,2001,7.167688247999999
Cyprus,2002,7.187885122000001
Cyprus,2003,7.798570398
Cyprus,2004,7.258454011
Cyprus,2005,7.300729228
Cyprus,2006,7.449694741
Cyprus,2007,7.704846138
Cyprus,2008,7.930294397999999
Cyprus,2009,7.386876947999999
Cyprus,2010,6.92787243
Cyprus,2011,6.601579967999999
Cyprus,2012,6.0963423510000005
Cyprus,2013,5.199799627
Cyprus,2014,5.260461605
Cyprus,2015,5.2873706380000005
Cyprus,2016,5.662572733999999
Denmark,2000,9.613175554
Denmark,2001,9.875092347999999
Denmark,2002,9.68193193
Denmark,2003,10.38827349
Denmark,2004,9.362701019
Denmark,2005,8.683987177999999
Denmark,2006,10.11898393
Denmark,2007,9.213429503
Denmark,2008,8.632128791
Denmark,2009,8.054911965
Denmark,2010,8.258492419
Denmark,2011,7.29835805
Denmark,2012,6.514800847
Denmark,2013,6.634640098999999
Denmark,2014,5.873333894
Denmark,2015,5.422285595
Denmark,2016,5.549144642000001
Dominica,2000,1.474170854
Dominica,2001,1.579219362
Dominica,2002,1.47022352
Dominica,2003,1.673951498
Dominica,2004,2.0319541930000002
Dominica,2005,2.025995552
Dominica,2006,2.022299839
Dominica,2007,2.589872166
Dominica,2008,2.329831844
Dominica,2009,2.277286136
Dominica,2010,2.431628996
Dominica,2011,2.171780698
Dominica,2012,2.325301205
Dominica,2013,2.375267545
Dominica,2014,2.476134206
Dominica,2015,2.472725229
Dominica,2016,2.519850786
Dominican Republic,2000,2.3362116719999997
Dominican Republic,2001,2.304615367
Dominican Republic,2002,2.444813767
Dominican Republic,2003,2.430906034
Dominican Republic,2004,2.040163268
Dominican Republic,2005,2.048899025
Dominican Republic,2006,2.1460178819999998
Dominican Republic,2007,2.267220596
Dominican Republic,2008,2.189791897
Dominican Republic,2009,2.112115223
Dominican Republic,2010,2.1684010959999998
Dominican Republic,2011,2.218164291
Dominican Republic,2012,2.2118142030000003
Dominican Republic,2013,2.137089301
Dominican Republic,2014,2.178516992
Dominican Republic,2015,2.347495156
Dominican Republic,2016,2.429209493
Ecuador,2000,1.633810349
Ecuador,2001,1.7899623740000001
Ecuador,2002,1.89830216
Ecuador,2003,2.0170357130000003
Ecuador,2004,2.136325251
Ecuador,2005,2.188925641
Ecuador,2006,2.0526710130000003
Ecuador,2007,2.233048279
Ecuador,2008,2.33000964
Ecuador,2009,2.441287187
Ecuador,2010,2.428931904
Ecuador,2011,2.393286737
Ecuador,2012,2.101982396
Ecuador,2013,2.638983709
Ecuador,2014,2.893262958
Ecuador,2015,2.669044326
Ecuador,2016,2.495570554
El Salvador,2000,0.9771714570000001
El Salvador,2001,1.004139527
El Salvador,2002,1.036970978
El Salvador,2003,1.093234038
El Salvador,2004,1.056793913
El Salvador,2005,1.057906787
El Salvador,2006,1.1255425079999999
El Salvador,2007,1.14289521
El Salvador,2008,1.066891681
El Salvador,2009,1.046321459
El Salvador,2010,1.044262214
El Salvador,2011,1.0704771290000001
El Salvador,2012,1.068134217
El Salvador,2013,0.994280785
El Salvador,2014,0.998428944
El Salvador,2015,1.082975765
El Salvador,2016,1.1278829
Equatorial Guinea,2000,0.7561685370000001
Equatorial Guinea,2001,6.861844709
Equatorial Guinea,2002,9.652286508
Equatorial Guinea,2003,11.20397458
Equatorial Guinea,2004,9.84585375
Equatorial Guinea,2005,10.048921
Equatorial Guinea,2006,10.4284496
Equatorial Guinea,2007,9.572641407
Equatorial Guinea,2008,7.467416709
Equatorial Guinea,2009,7.516219517000001
Equatorial Guinea,2010,7.305717547
Equatorial Guinea,2011,9.523729471000001
Equatorial Guinea,2012,6.774336665
Equatorial Guinea,2013,7.154038459
Equatorial Guinea,2014,6.512062095
Equatorial Guinea,2015,5.158919293
Equatorial Guinea,2016,4.653235448999999
Eritrea,2000,0.26553732
Eritrea,2001,0.265599089
Eritrea,2002,0.243869752
Eritrea,2003,0.274922116
Eritrea,2004,0.283134477
Eritrea,2005,0.271133872
Eritrea,2006,0.188489157
Eritrea,2007,0.18845693800000002
Eritrea,2008,0.132897934
Eritrea,2009,0.161023039
Eritrea,2010,0.158457436
Eritrea,2011,0.180271017
Eritrea,2012,0.180271017
Eritrea,2013,0.180271017
Eritrea,2014,0.180271017
Eritrea,2015,0.180271017
Eritrea,2016,0.180271017
Ethiopia,2000,0.053600098
Ethiopia,2001,0.063861001
Ethiopia,2002,0.064460739
Ethiopia,2003,0.069101838
Ethiopia,2004,0.071325206
Ethiopia,2005,0.067051465
Ethiopia,2006,0.07012642
Ethiopia,2007,0.074681496
Ethiopia,2008,0.079959443
Ethiopia,2009,0.078301462
Ethiopia,2010,0.074478123
Ethiopia,2011,0.079165607
Ethiopia,2012,0.091865839
Ethiopia,2013,0.109142185
Ethiopia,2014,0.126763767
Ethiopia,2015,0.13604586400000002
Ethiopia,2016,0.143524928
Fiji,2000,1.039955315
Fiji,2001,1.297534785
Fiji,2002,1.093006254
Fiji,2003,1.285127856
Fiji,2004,1.654467757
Fiji,2005,1.334502997
Fiji,2006,1.4705738819999998
Fiji,2007,1.38577596
Fiji,2008,1.058421195
Fiji,2009,0.92787918
Fiji,2010,1.420197065
Fiji,2011,1.261335643
Fiji,2012,1.225061816
Fiji,2013,1.54625997
Fiji,2014,1.9002565630000001
Fiji,2015,2.482303682
Fiji,2016,2.345470364
France,2000,5.9466654629999995
France,2001,6.153060599
France,2002,6.068664472000001
France,2003,6.115998107999999
France,2004,6.120078567999999
France,2005,6.099598855
France,2006,5.906266386
France,2007,5.76638535
France,2008,5.690501857
France,2009,5.438357063
France,2010,5.428980862
France,2011,5.077911102
France,2012,5.075062341000001
France,2013,5.062171964
France,2014,4.573459729
France,2015,4.573459729
France,2016,4.573459729
Gabon,2000,3.8211599210000005
Gabon,2001,3.815653063
Gabon,2002,3.5494029019999997
Gabon,2003,3.5171115939999997
Gabon,2004,3.461695456
Gabon,2005,3.515238226
Gabon,2006,2.9179038310000003
Gabon,2007,2.796489822
Gabon,2008,2.752894227
Gabon,2009,2.711227029
Gabon,2010,2.955473666
Gabon,2011,2.9385890710000004
Gabon,2012,2.890121176
Gabon,2013,2.906039445
Gabon,2014,2.826459284
Gabon,2015,2.701741965
Gabon,2016,2.649976866
Georgia,2000,1.11256641
Georgia,2001,0.939044777
Georgia,2002,0.851651433
Georgia,2003,0.954857055
Georgia,2004,1.100845101
Georgia,2005,1.298612238
Georgia,2006,1.584796154
Georgia,2007,1.663381913
Georgia,2008,1.3940215919999999
Georgia,2009,1.636221401
Georgia,2010,1.667568685
Georgia,2011,2.127117929
Georgia,2012,2.2647858309999997
Georgia,2013,2.206511985
Georgia,2014,2.41448868
Georgia,2015,2.630200823
Georgia,2016,2.717167113
Germany,2000,10.09563988
Germany,2001,10.3662867
Germany,2002,10.0586725
Germany,2003,9.971664889
Germany,2004,9.888594551
Germany,2005,9.673397699
Germany,2006,9.914503042
Germany,2007,9.496553659
Germany,2008,9.490868973
Germany,2009,8.797641866000001
Germany,2010,9.267661332000001
Germany,2011,9.091375416
Germany,2012,9.177915792
Germany,2013,9.398671707
Germany,2014,8.895302257
Germany,2015,8.900419299
Germany,2016,8.840128794
Ghana,2000,0.326207375
Ghana,2001,0.350238104
Ghana,2002,0.36658442799999996
Ghana,2003,0.367755038
Ghana,2004,0.34545677
Ghana,2005,0.320563088
Ghana,2006,0.418167076
Ghana,2007,0.427956066
Ghana,2008,0.387804781
Ghana,2009,0.31889674100000004
Ghana,2010,0.401777969
Ghana,2011,0.45397481700000003
Ghana,2012,0.571706967
Ghana,2013,0.551821465
Ghana,2014,0.560735246
Ghana,2015,0.594373807
Ghana,2016,0.585289432
Greece,2000,8.47843382
Greece,2001,8.636014273999999
Greece,2002,8.591970187000001
Greece,2003,8.760745127
Greece,2004,8.867967195
Greece,2005,8.980839448
Greece,2006,8.827796219
Greece,2007,8.892293442
Greece,2008,8.662824281
Greece,2009,8.277892345
Greece,2010,7.540183868
Greece,2011,7.189762915
Greece,2012,7.247671369
Greece,2013,6.335945747
Greece,2014,6.19952668
Greece,2015,6.01244039
Greece,2016,5.793848369
Guatemala,2000,0.855545511
Guatemala,2001,0.8753924190000001
Guatemala,2002,0.896259055
Guatemala,2003,0.8553641809999999
Guatemala,2004,0.896935588
Guatemala,2005,0.9521297479999999
Guatemala,2006,0.938859546
Guatemala,2007,0.919945935
Guatemala,2008,0.811905615
Guatemala,2009,0.828992678
Guatemala,2010,0.799505838
Guatemala,2011,0.7956963859999999
Guatemala,2012,0.80400444
Guatemala,2013,0.8587381890000001
Guatemala,2014,0.911580226
Guatemala,2015,1.017131099
Guatemala,2016,1.059947788
Guinea,2000,0.199353213
Guinea,2001,0.204325347
Guinea,2002,0.21012677
Guinea,2003,0.214915002
Guinea,2004,0.217742097
Guinea,2005,0.20046652
Guinea,2006,0.203297045
Guinea,2007,0.20688647699999999
Guinea,2008,0.224791637
Guinea,2009,0.227060669
Guinea,2010,0.255447904
Guinea,2011,0.266742837
Guinea,2012,0.242354579
Guinea,2013,0.21107583800000002
Guinea,2014,0.213752571
Guinea,2015,0.23640292100000002
Guinea,2016,0.255224608
Guinea-Bissau,2000,0.122100956
Guinea-Bissau,2001,0.122521608
Guinea-Bissau,2002,0.122773831
Guinea-Bissau,2003,0.151445681
Guinea-Bissau,2004,0.153548708
Guinea-Bissau,2005,0.158139085
Guinea-Bissau,2006,0.157052834
Guinea-Bissau,2007,0.16366557699999998
Guinea-Bissau,2008,0.15712789
Guinea-Bissau,2009,0.158153972
Guinea-Bissau,2010,0.156544829
Guinea-Bissau,2011,0.157191765
Guinea-Bissau,2012,0.15764879199999998
Guinea-Bissau,2013,0.155734209
Guinea-Bissau,2014,0.160335469
Guinea-Bissau,2015,0.160425788
Guinea-Bissau,2016,0.164583657
Guyana,2000,2.1558599999999997
Guyana,2001,2.140542347
Guyana,2002,2.122046647
Guyana,2003,2.1013537
Guyana,2004,2.183273728
Guyana,2005,1.92647451
Guyana,2006,1.7294782690000001
Guyana,2007,2.092694454
Guyana,2008,2.0868231440000002
Guyana,2009,2.0941170330000003
Guyana,2010,2.29482304
Guyana,2011,2.369808039
Guyana,2012,2.640787187
Guyana,2013,2.549999012
Guyana,2014,2.632392779
Guyana,2015,2.6280504330000003
Guyana,2016,3.0900376730000003
Haiti,2000,0.158571924
Haiti,2001,0.182310256
Haiti,2002,0.20860574699999998
Haiti,2003,0.19488435199999998
Haiti,2004,0.219685761
Haiti,2005,0.225715823
Haiti,2006,0.226028956
Haiti,2007,0.251795831
Haiti,2008,0.248608108
Haiti,2009,0.231665885
Haiti,2010,0.21376934
Haiti,2011,0.20730600600000001
Haiti,2012,0.21463418399999998
Haiti,2013,0.22176863
Haiti,2014,0.266273568
Haiti,2015,0.2742825
Haiti,2016,0.27468747600000004
Honduras,2000,0.765247108
Honduras,2001,0.8461582440000001
Honduras,2002,0.879009101
Honduras,2003,0.9525722109999999
Honduras,2004,1.011540648
Honduras,2005,1.01274101
Honduras,2006,0.9981305420000001
Honduras,2007,1.124259174
Honduras,2008,1.086643766
Honduras,2009,0.96592643
Honduras,2010,0.97434316
Honduras,2011,1.0364508890000002
Honduras,2012,1.0605440000000002
Honduras,2013,1.070277152
Honduras,2014,1.061742673
Honduras,2015,1.099345588
Honduras,2016,1.0584736259999998
Hungary,2000,5.467296695
Hungary,2001,5.592875675
Hungary,2002,5.518941473
Hungary,2003,5.82981044
Hungary,2004,5.684910755
Hungary,2005,5.751848927
Hungary,2006,5.697822938
Hungary,2007,5.566989532000001
Hungary,2008,5.458021607
Hungary,2009,4.840111448
Hungary,2010,5.022311649
Hungary,2011,4.872551164
Hungary,2012,4.556968385
Hungary,2013,4.276339668
Hungary,2014,4.190127409
Hungary,2015,4.512673437
Hungary,2016,4.639973434
India,2000,0.976601686
India,2001,0.9685143190000001
India,2002,0.964275366
India,2003,0.989271008
India,2004,1.021862866
India,2005,1.06531244
India,2006,1.118603899
India,2007,1.189651807
India,2008,1.306253903
India,2009,1.427780473
India,2010,1.3932732909999999
India,2011,1.4689102619999999
India,2012,1.590942831
India,2013,1.585648401
India,2014,1.7233117830000002
India,2015,1.784333765
India,2016,1.817783386
Indonesia,2000,1.24539825
Indonesia,2001,1.375325404
Indonesia,2002,1.411208735
Indonesia,2003,1.4379415080000002
Indonesia,2004,1.512122784
Indonesia,2005,1.5113021119999999
Indonesia,2006,1.504981339
Indonesia,2007,1.616120599
Indonesia,2008,1.769060263
Indonesia,2009,1.870838684
Indonesia,2010,1.772951392
Indonesia,2011,2.080522126
Indonesia,2012,2.131724694
Indonesia,2013,1.6481420709999999
Indonesia,2014,1.450032294
Indonesia,2015,1.9844524140000002
Indonesia,2016,2.1537581269999997
Iraq,2000,3.083093518
Iraq,2001,3.525341062
Iraq,2002,3.499928425
Iraq,2003,3.5531057169999998
Iraq,2004,4.33551491
Iraq,2005,4.2166922389999995
Iraq,2006,3.59844793
Iraq,2007,2.22690329
Iraq,2008,3.2815460969999997
Iraq,2009,3.608379714
Iraq,2010,3.772295829
Iraq,2011,4.453347502
Iraq,2012,4.843106075
Iraq,2013,4.994796612
Iraq,2014,4.842168931000001
Iraq,2015,4.7023682860000005
Iraq,2016,5.191404781
Ireland,2000,10.83474264
Ireland,2001,11.38823116
Ireland,2002,11.04125081
Ireland,2003,10.6811767
Ireland,2004,10.75163663
Ireland,2005,10.44852153
Ireland,2006,10.09594086
Ireland,2007,10.10918284
Ireland,2008,9.596427388
Ireland,2009,8.925394922999999
Ireland,2010,8.784418074
Ireland,2011,7.780622801
Ireland,2012,7.737358336000001
Ireland,2013,7.542075636
Ireland,2014,7.300555848999999
Ireland,2015,7.636663627999999
Ireland,2016,7.930340975
Israel,2000,9.581779456
Israel,2001,9.876810219
Israel,2002,9.103871689
Israel,2003,9.400877468
Israel,2004,8.667993097
Israel,2005,8.218088772
Israel,2006,8.856488367999999
Israel,2007,8.78433448
Israel,2008,9.340093039
Israel,2009,8.612472881
Israel,2010,9.035223254
Israel,2011,8.901888279
Israel,2012,9.547967764
Israel,2013,8.193932998
Israel,2014,7.653847633
Israel,2015,7.900584122000001
Israel,2016,7.625351861
Italy,2000,7.912673166
Italy,2001,7.904432663
Italy,2002,7.932323042
Italy,2003,8.17175128
Italy,2004,8.216487201
Italy,2005,8.166090127999999
Italy,2006,8.072145596
Italy,2007,7.9173472160000005
Italy,2008,7.60176497
Italy,2009,6.795651486000001
Italy,2010,6.83837457
Italy,2011,6.702557614
Italy,2012,6.205413857999999
Italy,2013,5.732941879
Italy,2014,5.270866786
Italy,2015,.270866786
Italy,2016,.270866786
Jamaica,2000,3.88289943
Jamaica,2001,3.9690272039999996
Jamaica,2002,3.8033867530000003
Jamaica,2003,3.937092097
Jamaica,2004,3.915930738
Jamaica,2005,3.831609308
Jamaica,2006,4.17369147
Jamaica,2007,3.486543553
Jamaica,2008,3.5973001669999998
Jamaica,2009,2.718932112
Jamaica,2010,2.5482131040000002
Jamaica,2011,2.735396395
Jamaica,2012,2.593359492
Jamaica,2013,2.798953654
Jamaica,2014,2.536806259
Jamaica,2015,2.619266688
Jamaica,2016,2.8301470839999996
Japan,2000,9.612522307
Japan,2001,9.448215888
Japan,2002,9.564757134
Japan,2003,9.716352722
Japan,2004,9.880903296
Japan,2005,9.712112911
Japan,2006,9.657546162000001
Japan,2007,9.777692627
Japan,2008,9.462190352
Japan,2009,8.632099729
Japan,2010,9.156018256
Japan,2011,9.312693499
Japan,2012,9.634347264
Japan,2013,9.76591055
Japan,2014,9.480766374
Japan,2015,9.153641422
Japan,2016,8.944372824
Jordan,2000,3.02738198
Jordan,2001,3.067233546
Jordan,2002,3.175649449
Jordan,2003,3.214849384
Jordan,2004,3.44801213
Jordan,2005,3.65260392
Jordan,2006,3.52529066
Jordan,2007,3.522624567
Jordan,2008,3.256210728
Jordan,2009,3.175854385
Jordan,2010,2.916818597
Jordan,2011,2.8276044089999997
Jordan,2012,3.021209828
Jordan,2013,2.871050605
Jordan,2014,2.978804489
Jordan,2015,2.827443257
Jordan,2016,2.628700806
Kazakhstan,2000,7.934854181
Kazakhstan,2001,8.873851074
Kazakhstan,2002,9.000333671
Kazakhstan,2003,9.538517359
Kazakhstan,2004,11.52689249
Kazakhstan,2005,11.7071662
Kazakhstan,2006,12.58362425
Kazakhstan,2007,14.35971247
Kazakhstan,2008,14.85305787
Kazakhstan,2009,13.25676292
Kazakhstan,2010,15.22798733
Kazakhstan,2011,15.64629686
Kazakhstan,2012,14.46941789
Kazakhstan,2013,15.42931652
Kazakhstan,2014,14.36783614
Kazakhstan,2015,13.80005416
Kazakhstan,2016,13.89268146
Kenya,2000,0.325921833
Kenya,2001,0.285223579
Kenya,2002,0.236088309
Kenya,2003,0.194776581
Kenya,2004,0.21393672
Kenya,2005,0.23378756399999998
Kenya,2006,0.254310303
Kenya,2007,0.25399794
Kenya,2008,0.257386809
Kenya,2009,0.302043563
Kenya,2010,0.28965606
Kenya,2011,0.31168210399999996
Kenya,2012,0.282818574
Kenya,2013,0.29290958899999997
Kenya,2014,0.309143145
Kenya,2015,0.35545402
Kenya,2016,0.36511748
Kuwait,2000,26.18923263
Kuwait,2001,27.40553716
Kuwait,2002,27.24771864
Kuwait,2003,27.72100585
Kuwait,2004,28.8728348
Kuwait,2005,31.51568145
Kuwait,2006,31.07802552
Kuwait,2007,30.0460336
Kuwait,2008,31.14868474
Kuwait,2009,30.94737447
Kuwait,2010,29.95609021
Kuwait,2011,27.35382032
Kuwait,2012,30.01509382
Kuwait,2013,26.8891593
Kuwait,2014,23.94268372
Kuwait,2015,24.24244895
Kuwait,2016,24.95251303
Latvia,2000,2.682622965
Latvia,2001,2.988928918
Latvia,2002,2.992111413
Latvia,2003,3.221510038
Latvia,2004,3.2714422819999998
Latvia,2005,3.352846325
Latvia,2006,3.6118600389999997
Latvia,2007,3.7797852589999996
Latvia,2008,3.629405756
Latvia,2009,3.376490018
Latvia,2010,3.849593455
Latvia,2011,3.5411133319999997
Latvia,2012,3.471747548
Latvia,2013,3.518240904
Latvia,2014,3.474283046
Latvia,2015,3.543636572
Latvia,2016,3.574298418
Lebanon,2000,3.96780298
Lebanon,2001,4.05198345
Lebanon,2002,3.82639971
Lebanon,2003,4.142988236
Lebanon,2004,3.6763268439999996
Lebanon,2005,3.4494482910000004
Lebanon,2006,3.0377586819999998
Lebanon,2007,2.823701625
Lebanon,2008,3.6156353510000003
Lebanon,2009,4.336682162
Lebanon,2010,4.047494872
Lebanon,2011,3.9346106169999997
Lebanon,2012,4.086336812
Lebanon,2013,3.817892305
Lebanon,2014,3.843598231
Lebanon,2015,3.745767203
Lebanon,2016,3.694800615
Lesotho,2000,0.910975677
Lesotho,2001,0.922271017
Lesotho,2002,0.939409182
Lesotho,2003,0.957470664
Lesotho,2004,0.988986211
Lesotho,2005,1.008551115
Lesotho,2006,1.02458015
Lesotho,2007,1.044591584
Lesotho,2008,1.070318032
Lesotho,2009,1.1147683240000001
Lesotho,2010,1.141124815
Lesotho,2011,1.162072116
Lesotho,2012,1.190188537
Lesotho,2013,1.194904756
Lesotho,2014,1.18977047
Lesotho,2015,1.1398038190000002
Lesotho,2016,1.210551224
Liberia,2000,0.15062160000000002
Liberia,2001,0.153933391
Liberia,2002,0.145480802
Liberia,2003,0.152540511
Liberia,2004,0.17775702699999998
Liberia,2005,0.208526044
Liberia,2006,0.20707489
Liberia,2007,0.186426514
Liberia,2008,0.151442406
Liberia,2009,0.128936295
Liberia,2010,0.197892457
Liberia,2011,0.214500865
Liberia,2012,0.236743165
Liberia,2013,0.211474663
Liberia,2014,0.280944282
Liberia,2015,0.277142723
Liberia,2016,0.302199709
Lithuania,2000,3.475729068
Lithuania,2001,3.712622788
Lithuania,2002,3.817099115
Lithuania,2003,3.754816757
Lithuania,2004,3.922093528
Lithuania,2005,4.184042091
Lithuania,2006,4.329871871
Lithuania,2007,4.693696086
Lithuania,2008,4.69291649
Lithuania,2009,3.958100057
Lithuania,2010,4.348616303
Lithuania,2011,4.553301311
Lithuania,2012,4.629509672
Lithuania,2013,4.273657237
Lithuania,2014,4.378090123
Lithuania,2015,4.504048662
Lithuania,2016,4.519456418
Luxembourg,2000,18.88551226
Luxembourg,2001,19.93273314
Luxembourg,2002,21.105745499999998
Luxembourg,2003,21.93071098
Luxembourg,2004,24.5990264
Luxembourg,2005,24.82464668
Luxembourg,2006,24.01285765
Luxembourg,2007,22.95728271
Luxembourg,2008,22.38547222
Luxembourg,2009,20.87712517
Luxembourg,2010,21.6351358
Luxembourg,2011,21.01807669
Luxembourg,2012,19.95299522
Luxembourg,2013,18.49831971
Luxembourg,2014,17.36871291
Luxembourg,2015,16.24258432
Luxembourg,2016,15.44261306
Madagascar,2000,0.11884696199999999
Madagascar,2001,0.107117169
Madagascar,2002,0.073711326
Madagascar,2003,0.098470636
Madagascar,2004,0.10154644199999999
Madagascar,2005,0.09499106800000001
Madagascar,2006,0.08914878300000001
Madagascar,2007,0.093403772
Madagascar,2008,0.094441905
Madagascar,2009,0.08610778
Madagascar,2010,0.09257807
Madagascar,2011,0.110462134
Madagascar,2012,0.123892669
Madagascar,2013,0.138143811
Madagascar,2014,0.139903171
Madagascar,2015,0.15040788800000002
Madagascar,2016,0.156876974
Malawi,2000,0.078939735
Malawi,2001,0.07088934599999999
Malawi,2002,0.073254449
Malawi,2003,0.07670026
Malawi,2004,0.075117556
Malawi,2005,0.073189253
Malawi,2006,0.072358084
Malawi,2007,0.074209594
Malawi,2008,0.081204613
Malawi,2009,0.079423109
Malawi,2010,0.07213136099999999
Malawi,2011,0.078182345
Malawi,2012,0.07550263900000001
Malawi,2013,0.07501028
Malawi,2014,0.064607656
Malawi,2015,0.068761849
Malawi,2016,0.075448776
Malaysia,2000,5.420915014
Malaysia,2001,5.720175769
Malaysia,2002,5.636436969
Malaysia,2003,6.40746098
Malaysia,2004,6.823151064
Malaysia,2005,7.130568128999999
Malaysia,2006,6.873850854
Malaysia,2007,6.91670063
Malaysia,2008,7.491255509
Malaysia,2009,7.170571162000001
Malaysia,2010,7.7817054610000005
Malaysia,2011,7.692763993
Malaysia,2012,7.5239444639999995
Malaysia,2013,8.025773738
Malaysia,2014,8.125176355
Malaysia,2015,7.757390697000001
Malaysia,2016,8.091591623
Mali,2000,0.076043775
Mali,2001,0.074500781
Mali,2002,0.073864711
Mali,2003,0.071609767
Mali,2004,0.072041067
Mali,2005,0.07175835400000001
Mali,2006,0.081930927
Mali,2007,0.095090021
Mali,2008,0.11042381400000001
Mali,2009,0.122472839
Mali,2010,0.131335414
Mali,2011,0.139214949
Mali,2012,0.143884924
Mali,2013,0.164068955
Mali,2014,0.17605009300000002
Mali,2015,0.18168062
Mali,2016,0.17696705199999999
Mauritania,2000,0.446137755
Mauritania,2001,0.47085886600000004
Mauritania,2002,0.48574798799999996
Mauritania,2003,0.486426674
Mauritania,2004,0.52274375
Mauritania,2005,0.525036092
Mauritania,2006,0.517307721
Mauritania,2007,0.575953539
Mauritania,2008,0.5873896239999999
Mauritania,2009,0.6256814310000001
Mauritania,2010,0.640167478
Mauritania,2011,0.665402951
Mauritania,2012,0.714295273
Mauritania,2013,0.626296728
Mauritania,2014,0.746292957
Mauritania,2015,0.715038995
Mauritania,2016,0.6579144060000001
Mauritius,2000,2.267789393
Mauritius,2001,2.39401331
Mauritius,2002,2.395715333
Mauritius,2003,2.523504784
Mauritius,2004,2.53175545
Mauritius,2005,2.683999401
Mauritius,2006,2.94193012
Mauritius,2007,2.97588958
Mauritius,2008,3.0299914560000003
Mauritius,2009,2.97492202
Mauritius,2010,3.132082534
Mauritius,2011,3.1299987860000003
Mauritius,2012,3.15928885
Mauritius,2013,3.2339095839999996
Mauritius,2014,3.338569663
Mauritius,2015,3.337055532
Mauritius,2016,3.442148744
Mexico,2000,4.028144635
Mexico,2001,4.117498953
Mexico,2002,4.075235494
Mexico,2003,4.270511506
Mexico,2004,4.2224472
Mexico,2005,4.399422979
Mexico,2006,4.455657766
Mexico,2007,4.401555404
Mexico,2008,4.451117906
Mexico,2009,4.232033444
Mexico,2010,4.069560416
Mexico,2011,4.187104495
Mexico,2012,4.232175308
Mexico,2013,4.126499656
Mexico,2014,4.000652983999999
Mexico,2015,3.963191128
Mexico,2016,3.9438274030000002
Mongolia,2000,3.1310138660000004
Mongolia,2001,3.2584266410000002
Mongolia,2002,3.391936466
Mongolia,2003,3.254423472
Mongolia,2004,3.425522685
Mongolia,2005,3.3891559769999997
Mongolia,2006,3.6715055480000003
Mongolia,2007,4.651220979
Mongolia,2008,4.574174607
Mongolia,2009,4.900220883999999
Mongolia,2010,5.081415981
Mongolia,2011,7.76058183
Mongolia,2012,12.41720091
Mongolia,2013,15.13860091
Mongolia,2014,10.07889064
Mongolia,2015,7.765857501
Mongolia,2016,8.300172198
Montenegro,2000,8.300172198
Montenegro,2001,8.300172198
Montenegro,2002,8.300172198
Montenegro,2003,8.300172198
Montenegro,2004,8.300172198
Montenegro,2005,3.34904381
Montenegro,2006,3.35680826
Montenegro,2007,3.3402671
Montenegro,2008,4.225880069
Montenegro,2009,2.722253491
Montenegro,2010,3.913105317
Montenegro,2011,3.885342029
Montenegro,2012,3.5689082030000003
Montenegro,2013,3.465075249
Montenegro,2014,3.390947396
Montenegro,2015,3.6012289460000004
Montenegro,2016,3.240945327
Morocco,2000,1.177518232
Morocco,2001,1.294879753
Morocco,2002,1.29874199
Morocco,2003,1.261163325
Morocco,2004,1.4381746380000002
Morocco,2005,1.502894463
Morocco,2006,1.539548743
Morocco,2007,1.6130074269999999
Morocco,2008,1.677409361
Morocco,2009,1.643708259
Morocco,2010,1.730134712
Morocco,2011,1.729589819
Morocco,2012,1.78309277
Morocco,2013,1.749552115
Morocco,2014,1.7513307880000002
Morocco,2015,1.767614953
Morocco,2016,1.744435849
Mozambique,2000,0.076189113
Mozambique,2001,0.086735085
Mozambique,2002,0.084619371
Mozambique,2003,0.099210133
Mozambique,2004,0.09650701800000001
Mozambique,2005,0.088928744
Mozambique,2006,0.093935942
Mozambique,2007,0.10439284
Mozambique,2008,0.10173035400000001
Mozambique,2009,0.110515923
Mozambique,2010,0.116251552
Mozambique,2011,0.133262831
Mozambique,2012,0.125514265
Mozambique,2013,0.164407778
Mozambique,2014,0.320857023
Mozambique,2015,0.239883238
Mozambique,2016,0.28540203199999997
Myanmar,2000,0.215924263
Myanmar,2001,0.18472781
Myanmar,2002,0.19302763
Myanmar,2003,0.20448846399999998
Myanmar,2004,0.256047135
Myanmar,2005,0.236875833
Myanmar,2006,0.26070104
Myanmar,2007,0.259460989
Myanmar,2008,0.196460952
Myanmar,2009,0.20381803399999998
Myanmar,2010,0.260019433
Myanmar,2011,0.29700975399999996
Myanmar,2012,0.233869445
Myanmar,2013,0.252328593
Myanmar,2014,0.312686183
Myanmar,2015,0.423286251
Myanmar,2016,0.476580079
Namibia,2000,0.9154366140000001
Namibia,2001,1.10592804
Namibia,2002,0.950655217
Namibia,2003,0.99719017
Namibia,2004,1.028358088
Namibia,2005,1.191862025
Namibia,2006,1.183073042
Namibia,2007,1.176940704
Namibia,2008,1.6276689659999999
Namibia,2009,1.47487463
Namibia,2010,1.464118206
Namibia,2011,1.312617743
Namibia,2012,1.542129431
Namibia,2013,1.177178074
Namibia,2014,1.645240892
Namibia,2015,1.72348227
Namibia,2016,1.793035405
Nepal,2000,0.12820119900000002
Nepal,2001,0.134196524
Nepal,2002,0.106188288
Nepal,2003,0.113310454
Nepal,2004,0.105021436
Nepal,2005,0.11979051800000001
Nepal,2006,0.098333647
Nepal,2007,0.099102169
Nepal,2008,0.12829959900000001
Nepal,2009,0.161228574
Nepal,2010,0.18719702800000002
Nepal,2011,0.20463050800000002
Nepal,2012,0.21697773
Nepal,2013,0.246574529
Nepal,2014,0.298463303
Nepal,2015,0.231435418
Nepal,2016,0.333997918
Netherlands,2000,10.91567989
Netherlands,2001,11.05686593
Netherlands,2002,11.25877722
Netherlands,2003,11.28284953
Netherlands,2004,11.37929553
Netherlands,2005,11.14759041
Netherlands,2006,11.02471152
Netherlands,2007,10.83085628
Netherlands,2008,10.80059235
Netherlands,2009,10.526017300000001
Netherlands,2010,11.1556698
Netherlands,2011,10.52558115
Netherlands,2012,10.25164647
Netherlands,2013,10.33210263
Netherlands,2014,10.01385146
Netherlands,2015,10.18257362
Netherlands,2016,10.02797271
New Zealand,2000,8.549394199
New Zealand,2001,8.87715449
New Zealand,2002,8.408514119
New Zealand,2003,8.46272795
New Zealand,2004,8.453612477
New Zealand,2005,8.258489562000001
New Zealand,2006,7.992808632000001
New Zealand,2007,7.963774562999999
New Zealand,2008,8.029041035
New Zealand,2009,7.527296054
New Zealand,2010,7.298263037999999
New Zealand,2011,7.1817659670000005
New Zealand,2012,7.744781197999999
New Zealand,2013,7.528655366000001
New Zealand,2014,7.684949552999999
New Zealand,2015,7.591408926000001
New Zealand,2016,7.325874031000001
Nicaragua,2000,0.742181468
Nicaragua,2001,0.770407197
Nicaragua,2002,0.773541536
Nicaragua,2003,0.833579486
Nicaragua,2004,0.824999557
Nicaragua,2005,0.7942585440000001
Nicaragua,2006,0.81071185
Nicaragua,2007,0.823918906
Nicaragua,2008,0.780318493
Nicaragua,2009,0.783753481
Nicaragua,2010,0.7788510259999999
Nicaragua,2011,0.82744566
Nicaragua,2012,0.7717062990000001
Nicaragua,2013,0.730078777
Nicaragua,2014,0.761728045
Nicaragua,2015,0.85675918
Nicaragua,2016,0.8870872559999999
Niger,2000,0.061485813
Niger,2001,0.055856745
Niger,2002,0.057456766
Niger,2003,0.060015019
Niger,2004,0.062020357000000005
Niger,2005,0.052483888
Niger,2006,0.049000595
Niger,2007,0.049191649000000004
Niger,2008,0.053138279000000004
Niger,2009,0.061104581
Niger,2010,0.071272972
Niger,2011,0.07777619599999999
Niger,2012,0.09911818300000001
Niger,2013,0.102454219
Niger,2014,0.10673093800000001
Niger,2015,0.10138412
Niger,2016,0.097016004
Nigeria,2000,0.64704259
Nigeria,2001,0.693955676
Nigeria,2002,0.735532537
Nigeria,2003,0.760558295
Nigeria,2004,0.731582104
Nigeria,2005,0.764190406
Nigeria,2006,0.6892107209999999
Nigeria,2007,0.648277791
Nigeria,2008,0.63876777
Nigeria,2009,0.49298093
Nigeria,2010,0.72017502
Nigeria,2011,0.8088546390000001
Nigeria,2012,0.7116527859999999
Nigeria,2013,0.7238324359999999
Nigeria,2014,0.7376826129999999
Nigeria,2015,0.640003154
Nigeria,2016,0.647284835
Oman,2000,9.563740397
Oman,2001,8.839294071
Oman,2002,10.90900689
Oman,2003,13.57433263
Oman,2004,11.4440194
Oman,2005,11.90378182
Oman,2006,15.34572401
Oman,2007,16.63369322
Oman,2008,15.52397542
Oman,2009,14.2909405
Oman,2010,15.59066447
Oman,2011,16.6188198
Oman,2012,17.05486804
Oman,2013,16.4794652
Oman,2014,15.20154274
Oman,2015,15.32246187
Oman,2016,14.16707578
Pakistan,2000,0.7478338290000001
Pakistan,2001,0.74177304
Pakistan,2002,0.762850323
Pakistan,2003,0.7766184690000001
Pakistan,2004,0.840018833
Pakistan,2005,0.852356025
Pakistan,2006,0.890578012
Pakistan,2007,0.946883805
Pakistan,2008,0.926721426
Pakistan,2009,0.9049169859999999
Pakistan,2010,0.944500917
Pakistan,2011,0.93604803
Pakistan,2012,0.9084016340000001
Pakistan,2013,0.914224403
Pakistan,2014,0.933991503
Pakistan,2015,0.945421162
Pakistan,2016,0.987832348
Panama,2000,1.910747945
Panama,2001,2.268102062
Panama,2002,1.8642478630000001
Panama,2003,1.9174615030000002
Panama,2004,1.7755365280000002
Panama,2005,2.0536064169999997
Panama,2006,2.2023627919999997
Panama,2007,2.115040935
Panama,2008,2.134787686
Panama,2009,2.402514238
Panama,2010,2.535812986
Panama,2011,2.738514112
Panama,2012,2.659836939
Panama,2013,3.033654574
Panama,2014,2.8470766910000003
Panama,2015,2.804430253
Panama,2016,2.654140941
Papua New Guinea,2000,0.45589906700000005
Papua New Guinea,2001,0.537041714
Papua New Guinea,2002,0.57182058
Papua New Guinea,2003,0.634011406
Papua New Guinea,2004,0.7063636990000001
Papua New Guinea,2005,0.6752575059999999
Papua New Guinea,2006,0.648231242
Papua New Guinea,2007,0.898907309
Papua New Guinea,2008,0.68754269
Papua New Guinea,2009,0.712893308
Papua New Guinea,2010,0.651587229
Papua New Guinea,2011,0.713063221
Papua New Guinea,2012,0.665547591
Papua New Guinea,2013,0.675169763
Papua New Guinea,2014,0.7392390659999999
Papua New Guinea,2015,0.9226551059999999
Papua New Guinea,2016,0.911013497
Paraguay,2000,0.6930044540000001
Paraguay,2001,0.703887523
Paraguay,2002,0.704636257
Paraguay,2003,0.722595825
Paraguay,2004,0.7134927209999999
Paraguay,2005,0.657958763
Paraguay,2006,0.674088976
Paraguay,2007,0.6895767840000001
Paraguay,2008,0.73203771
Paraguay,2009,0.740066308
Paraguay,2010,0.815799245
Paraguay,2011,0.840043758
Paraguay,2012,0.822882056
Paraguay,2013,0.834756314
Paraguay,2014,0.864029477
Paraguay,2015,0.942414767
Paraguay,2016,1.092871037
Peru,2000,1.145004464
Peru,2001,1.0136515209999999
Peru,2002,1.0031795909999999
Peru,2003,0.963765168
Peru,2004,1.154623518
Peru,2005,1.332646084
Peru,2006,1.022117777
Peru,2007,1.2378189259999999
Peru,2008,1.4478082780000001
Peru,2009,1.8083685930000002
Peru,2010,2.000399515
Peru,2011,1.7051665440000001
Peru,2012,1.8728466819999998
Peru,2013,1.5723990540000001
Peru,2014,1.7058841340000002
Peru,2015,1.727431902
Peru,2016,1.856501313
Philippines,2000,0.9399326509999999
Philippines,2001,0.8917940240000001
Philippines,2002,0.8767601770000001
Philippines,2003,0.860013617
Philippines,2004,0.87434296
Philippines,2005,0.866856478
Philippines,2006,0.770210952
Philippines,2007,0.807223734
Philippines,2008,0.867515185
Philippines,2009,0.847209115
Philippines,2010,0.9033765229999999
Philippines,2011,0.8967780879999999
Philippines,2012,0.932851035
Philippines,2013,0.993972462
Philippines,2014,1.0398325640000001
Philippines,2015,1.146965321
Philippines,2016,1.179649658
Poland,2000,7.822798328999999
Poland,2001,7.877112223999999
Poland,2002,7.712040984
Poland,2003,7.9114219839999995
Poland,2004,7.97271581
Poland,2005,7.9270266860000005
Poland,2006,8.362097463
Poland,2007,8.244183742
Poland,2008,8.258160054
Poland,2009,7.8009143420000004
Poland,2010,8.313376825
Poland,2011,8.329235611
Poland,2012,7.879541044
Poland,2013,7.948017671000001
Poland,2014,7.522360976
Poland,2015,7.5200390079999995
Poland,2016,7.875581532999999
Portugal,2000,6.096403385
Portugal,2001,6.056037979
Portugal,2002,6.410086691
Portugal,2003,5.853135645
Portugal,2004,6.02313785
Portugal,2005,6.215165476
Portugal,2006,5.684705076
Portugal,2007,5.705207852000001
Portugal,2008,5.268402206
Portugal,2009,5.126323978
Portugal,2010,4.552752646
Portugal,2011,4.510827218
Portugal,2012,4.37605313
Portugal,2013,4.344029312
Portugal,2014,4.293477531000001
Portugal,2015,4.7555946680000005
Portugal,2016,4.720545308999999
Qatar,2000,58.61946468
Qatar,2001,67.31049638
Qatar,2002,63.82809721
Qatar,2003,60.90080934
Qatar,2004,57.00557389
Qatar,2005,58.88108378
Qatar,2006,62.06618488
Qatar,2007,51.93367224
Qatar,2008,45.13478159
Qatar,2009,41.82722076
Qatar,2010,39.05970823
Qatar,2011,39.50920515
Qatar,2012,42.86037538
Qatar,2013,36.38791752
Qatar,2014,43.52329337
Qatar,2015,41.64216221
Qatar,2016,38.90147093
Romania,2000,4.040518655
Romania,2001,4.3662079789999995
Romania,2002,4.47471788
Romania,2003,4.684388286
Romania,2004,4.517307494
Romania,2005,4.524305495
Romania,2006,4.876469678
Romania,2007,4.895132266
Romania,2008,4.6920673630000005
Romania,2009,4.005210952
Romania,2010,3.9222135610000004
Romania,2011,4.23221901
Romania,2012,4.074315455
Romania,2013,3.550167079
Romania,2014,3.4903673360000003
Romania,2015,3.61914154
Romania,2016,3.515261924
Russian Federation,2000,10.62709792
Russian Federation,2001,10.66957424
Russian Federation,2002,10.71586776
Russian Federation,2003,11.0906198
Russian Federation,2004,11.12060675
Russian Federation,2005,11.25350585
Russian Federation,2006,11.66911318
Russian Federation,2007,11.67245445
Russian Federation,2008,12.01450516
Russian Federation,2009,11.02385569
Russian Federation,2010,11.69434657
Russian Federation,2011,12.33487755
Russian Federation,2012,12.62026928
Russian Federation,2013,12.12085015
Russian Federation,2014,12.07751769
Russian Federation,2015,11.78522038
Russian Federation,2016,11.99943207
Rwanda,2000,0.066557755
Rwanda,2001,0.064597852
Rwanda,2002,0.063096145
Rwanda,2003,0.060851257
Rwanda,2004,0.060831351
Rwanda,2005,0.059732484
Rwanda,2006,0.058390835
Rwanda,2007,0.060103365
Rwanda,2008,0.056980845
Rwanda,2009,0.058850305
Rwanda,2010,0.058807364
Rwanda,2011,0.064481265
Rwanda,2012,0.070213897
Rwanda,2013,0.07563592
Rwanda,2014,0.07642592
Rwanda,2015,0.08450593699999999
Rwanda,2016,0.09553392599999999
Samoa,2000,0.81977484
Samoa,2001,0.8362981209999999
Samoa,2002,0.831486279
Samoa,2003,0.867762728
Samoa,2004,0.841855647
Samoa,2005,0.8977393490000001
Samoa,2006,0.9123100909999999
Samoa,2007,0.946733243
Samoa,2008,0.980465233
Samoa,2009,1.013334706
Samoa,2010,1.00574351
Samoa,2011,1.075831204
Samoa,2012,1.047226688
Samoa,2013,1.0382818520000001
Samoa,2014,1.087388995
Samoa,2015,1.212776403
Samoa,2016,1.262955252
Sao Tome and Principe,2000,0.335092997
Sao Tome and Principe,2001,0.35465441600000003
Sao Tome and Principe,2002,0.39791925200000006
Sao Tome and Principe,2003,0.438825915
Sao Tome and Principe,2004,0.477048466
Sao Tome and Principe,2005,0.48902027
Sao Tome and Principe,2006,0.521650658
Sao Tome and Principe,2007,0.507161756
Sao Tome and Principe,2008,0.49287634399999997
Sao Tome and Principe,2009,0.521247925
Sao Tome and Principe,2010,0.548918618
Sao Tome and Principe,2011,0.5564371029999999
Sao Tome and Principe,2012,0.603368294
Sao Tome and Principe,2013,0.591799549
Sao Tome and Principe,2014,0.580793656
Sao Tome and Principe,2015,0.570003811
Sao Tome and Principe,2016,0.595447455
Saudi Arabia,2000,14.36980164
Saudi Arabia,2001,14.01778217
Saudi Arabia,2002,14.96915013
Saudi Arabia,2003,14.57351967
Saudi Arabia,2004,17.11147523
Saudi Arabia,2005,16.69630041
Saudi Arabia,2006,17.66403491
Saudi Arabia,2007,15.39742391
Saudi Arabia,2008,16.61645475
Saudi Arabia,2009,17.61021255
Saudi Arabia,2010,18.90824847
Saudi Arabia,2011,17.68372988
Saudi Arabia,2012,19.37365993
Saudi Arabia,2013,18.00340041
Saudi Arabia,2014,19.44066648
Saudi Arabia,2015,20.40225162
Saudi Arabia,2016,17.36758781
Senegal,2000,0.40196621
Senegal,2001,0.43151475899999997
Senegal,2002,0.438598018
Senegal,2003,0.47205185
Senegal,2004,0.484067421
Senegal,2005,0.524087845
Senegal,2006,0.415596435
Senegal,2007,0.443350349
Senegal,2008,0.424289035
Senegal,2009,0.382899379
Senegal,2010,0.610870294
Senegal,2011,0.642029816
Senegal,2012,0.590463462
Senegal,2013,0.611946233
Senegal,2014,0.661495375
Senegal,2015,0.7297044909999999
Senegal,2016,0.727113125
Serbia,2000,0.727113125
Serbia,2001,0.727113125
Serbia,2002,0.727113125
Serbia,2003,0.727113125
Serbia,2004,0.727113125
Serbia,2005,0.727113125
Serbia,2006,8.239355392
Serbia,2007,8.10193903
Serbia,2008,7.047910797999999
Serbia,2009,6.274286701
Serbia,2010,6.273911614
Serbia,2011,6.774783563
Serbia,2012,6.08341611
Serbia,2013,6.226209679
Serbia,2014,5.238295195
Serbia,2015,6.189892639
Serbia,2016,6.4068264379999995
Sierra Leone,2000,0.092783381
Sierra Leone,2001,0.119557508
Sierra Leone,2002,0.122583706
Sierra Leone,2003,0.125498407
Sierra Leone,2004,0.118094601
Sierra Leone,2005,0.09677991300000001
Sierra Leone,2006,0.125814065
Sierra Leone,2007,0.107139285
Sierra Leone,2008,0.10821160099999999
Sierra Leone,2009,0.104057657
Sierra Leone,2010,0.113171356
Sierra Leone,2011,0.136885898
Sierra Leone,2012,0.153506825
Sierra Leone,2013,0.1736274
Sierra Leone,2014,0.186560088
Sierra Leone,2015,0.148788315
Sierra Leone,2016,0.149104947
Singapore,2000,12.16662434
Singapore,2001,11.97221516
Singapore,2002,11.310231199999999
Singapore,2003,7.5660137270000005
Singapore,2004,6.833825574
Singapore,2005,7.116921432000001
Singapore,2006,6.9976320979999995
Singapore,2007,4.342606098
Singapore,2008,7.466761967999999
Singapore,2009,11.75775553
Singapore,2010,11.48769878
Singapore,2011,9.020910209
Singapore,2012,9.410410138
Singapore,2013,10.39280429
Singapore,2014,10.35594282
Singapore,2015,11.10236022
Singapore,2016,6.694046297000001
Slovenia,2000,7.23840366
Slovenia,2001,7.611741112000001
Slovenia,2002,7.731011817000001
Slovenia,2003,7.772287175
Slovenia,2004,7.884828934
Slovenia,2005,7.931674693
Slovenia,2006,8.094608116
Slovenia,2007,8.049468764
Slovenia,2008,8.58644121
Slovenia,2009,7.491602314
Slovenia,2010,7.485854369
Slovenia,2011,7.3845773889999995
Slovenia,2012,7.133786936
Slovenia,2013,6.743161616
Slovenia,2014,6.053631946
Slovenia,2015,6.0721835529999995
Slovenia,2016,6.117461532999999
Solomon Islands,2000,0.37322250799999995
Solomon Islands,2001,0.371938275
Solomon Islands,2002,0.362125429
Solomon Islands,2003,0.360943767
Solomon Islands,2004,0.35187410399999997
Solomon Islands,2005,0.343353521
Solomon Islands,2006,0.343010905
Solomon Islands,2007,0.36511139299999995
Solomon Islands,2008,0.356967181
Solomon Islands,2009,0.348776449
Solomon Islands,2010,0.354292134
Solomon Islands,2011,0.338583361
Solomon Islands,2012,0.329728233
Solomon Islands,2013,0.34016995299999997
Solomon Islands,2014,0.33104744
Solomon Islands,2015,0.316163669
Solomon Islands,2016,0.272315022
South Africa,2000,8.420829921000001
South Africa,2001,8.163976697
South Africa,2002,7.7276423979999995
South Africa,2003,8.657235861
South Africa,2004,9.519375403
South Africa,2005,8.707407369
South Africa,2006,9.236950117000001
South Africa,2007,9.498785997999999
South Africa,2008,9.979458338999999
South Africa,2009,9.967159108999999
South Africa,2010,9.17305524
South Africa,2011,9.179456987
South Africa,2012,8.794996821
South Africa,2013,8.553336036000001
South Africa,2014,8.882321727
South Africa,2015,8.376655342000001
South Africa,2016,8.480658464
Spain,2000,7.2578243460000005
Spain,2001,7.290748327999999
Spain,2002,7.591280782
Spain,2003,7.611166445
Spain,2004,7.908050681000001
Spain,2005,8.097058048
Spain,2006,7.88419571
Spain,2007,7.920890716000001
Spain,2008,7.165531607
Spain,2009,6.216973378
Spain,2010,5.816416366
Spain,2011,5.788018458
Spain,2012,5.660938803
Spain,2013,5.084398353
Spain,2014,5.0338244869999995
Spain,2015,5.393418949
Spain,2016,5.249157873
Sri Lanka,2000,0.5452381270000001
Sri Lanka,2001,0.5522295420000001
Sri Lanka,2002,0.579987695
Sri Lanka,2003,0.5762580979999999
Sri Lanka,2004,0.6343952620000001
Sri Lanka,2005,0.619140825
Sri Lanka,2006,0.608064532
Sri Lanka,2007,0.622623506
Sri Lanka,2008,0.6108613279999999
Sri Lanka,2009,0.65473331
Sri Lanka,2010,0.654610165
Sri Lanka,2011,0.742076616
Sri Lanka,2012,0.786362791
Sri Lanka,2013,0.724493029
Sri Lanka,2014,0.862657426
Sri Lanka,2015,0.9591556990000001
Sri Lanka,2016,1.101846767
Suriname,2000,4.664057042
Suriname,2001,4.97059669
Suriname,2002,3.2469833169999998
Suriname,2003,3.163914974
Suriname,2004,3.164286915
Suriname,2005,3.1937136610000003
Suriname,2006,3.4544018839999997
Suriname,2007,3.450494052
Suriname,2008,3.758312819
Suriname,2009,3.827451535
Suriname,2010,4.539301232
Suriname,2011,3.371141244
Suriname,2012,4.187024361000001
Suriname,2013,3.85265791
Suriname,2014,4.056232637
Suriname,2015,3.082377853
Suriname,2016,3.0769957939999997
Sweden,2000,5.562430083
Sweden,2001,5.747026066
Sweden,2002,6.434228598
Sweden,2003,6.115194532
Sweden,2004,6.062241404
Sweden,2005,5.710313512000001
Sweden,2006,5.459003216
Sweden,2007,5.2535219369999995
Sweden,2008,5.328098275
Sweden,2009,4.63141136
Sweden,2010,5.547348052
Sweden,2011,5.474957121
Sweden,2012,4.9423008280000005
Sweden,2013,4.671420785
Sweden,2014,4.484611458
Sweden,2015,3.896324042
Sweden,2016,4.35875184
Switzerland,2000,5.442630894
Switzerland,2001,5.945427667000001
Switzerland,2002,5.595070279
Switzerland,2003,5.476765434
Switzerland,2004,5.472989901
Switzerland,2005,5.572649341
Switzerland,2006,5.611284652999999
Switzerland,2007,5.046599596
Switzerland,2008,5.296949596
Switzerland,2009,5.393600403
Switzerland,2010,5.002174211
Switzerland,2011,4.699381907
Switzerland,2012,4.733662496
Switzerland,2013,4.998221364
Switzerland,2014,4.357240126000001
Switzerland,2015,4.30703579
Switzerland,2016,4.1174898230000005
Syrian Arab Republic,2000,3.11019717
Syrian Arab Republic,2001,2.9092688719999997
Syrian Arab Republic,2002,2.2865316030000002
Syrian Arab Republic,2003,3.116543213
Syrian Arab Republic,2004,2.866491678
Syrian Arab Republic,2005,2.7572635869999997
Syrian Arab Republic,2006,2.81134785
Syrian Arab Republic,2007,3.3437565489999996
Syrian Arab Republic,2008,3.275343328
Syrian Arab Republic,2009,2.939358639
Syrian Arab Republic,2010,2.883815863
Syrian Arab Republic,2011,2.69924891
Syrian Arab Republic,2012,2.188087381
Syrian Arab Republic,2013,1.860624448
Syrian Arab Republic,2014,1.640539063
Syrian Arab Republic,2015,1.627771232
Syrian Arab Republic,2016,1.6517740730000001
Tajikistan,2000,0.359837081
Tajikistan,2001,0.36272379299999996
Tajikistan,2002,0.292704206
Tajikistan,2003,0.317283052
Tajikistan,2004,0.384731813
Tajikistan,2005,0.359715206
Tajikistan,2006,0.384043566
Tajikistan,2007,0.45794198
Tajikistan,2008,0.40230584799999997
Tajikistan,2009,0.33260531600000004
Tajikistan,2010,0.337110559
Tajikistan,2011,0.304888204
Tajikistan,2012,0.37206278
Tajikistan,2013,0.3612508
Tajikistan,2014,0.559858657
Tajikistan,2015,0.592079302
Tajikistan,2016,0.612889431
Thailand,2000,2.7432901860000003
Thailand,2001,2.906858563
Thailand,2002,3.037180083
Thailand,2003,3.189472895
Thailand,2004,3.407058655
Thailand,2005,3.477630683
Thailand,2006,3.511904525
Thailand,2007,3.536123162
Thailand,2008,3.471334905
Thailand,2009,3.680664073
Thailand,2010,3.852981518
Thailand,2011,3.7954794
Thailand,2012,4.025723762
Thailand,2013,4.214834224
Thailand,2014,4.105519506
Thailand,2015,4.1383522180000005
Thailand,2016,4.114223358
Timor-Leste,2000,4.114223358
Timor-Leste,2001,4.114223358
Timor-Leste,2002,0.174866207
Timor-Leste,2003,0.170358607
Timor-Leste,2004,0.18110635600000002
Timor-Leste,2005,0.176876504
Timor-Leste,2006,0.176778181
Timor-Leste,2007,0.176911825
Timor-Leste,2008,0.19109254899999997
Timor-Leste,2009,0.21163442899999999
Timor-Leste,2010,0.214616428
Timor-Leste,2011,0.22071489
Timor-Leste,2012,0.25892458399999996
Timor-Leste,2013,0.38472983899999996
Timor-Leste,2014,0.437168056
Timor-Leste,2015,0.419943292
Timor-Leste,2016,0.40601154100000003
Togo,2000,0.27626846899999996
Togo,2001,0.229614541
Togo,2002,0.237079979
Togo,2003,0.274476099
Togo,2004,0.255520628
Togo,2005,0.238514053
Togo,2006,0.21189249100000002
Togo,2007,0.237845036
Togo,2008,0.276678743
Togo,2009,0.445260993
Togo,2010,0.41057377700000003
Togo,2011,0.375820713
Togo,2012,0.355666909
Togo,2013,0.36803288
Togo,2014,0.362693064
Togo,2015,0.360032243
Togo,2016,0.399417466
Tonga,2000,0.9731456629999999
Tonga,2001,0.8936001709999999
Tonga,2002,1.036900891
Tonga,2003,1.178282742
Tonga,2004,1.0977069990000001
Tonga,2005,1.126574501
Tonga,2006,1.261921617
Tonga,2007,1.108168179
Tonga,2008,1.170556883
Tonga,2009,1.2706901529999999
Tonga,2010,1.1284596000000002
Tonga,2011,0.991444738
Tonga,2012,1.0350993309999998
Tonga,2013,1.117021068
Tonga,2014,1.1252029140000002
Tonga,2015,1.2007322809999998
Tonga,2016,1.269071421
Trinidad and Tobago,2000,18.81317173
Trinidad and Tobago,2001,20.72512252
Trinidad and Tobago,2002,22.40889734
Trinidad and Tobago,2003,24.92074069
Trinidad and Tobago,2004,25.91383845
Trinidad and Tobago,2005,29.426462899999997
Trinidad and Tobago,2006,32.76356808
Trinidad and Tobago,2007,34.75442871
Trinidad and Tobago,2008,33.76743457
Trinidad and Tobago,2009,33.98747928
Trinidad and Tobago,2010,36.08889453
Trinidad and Tobago,2011,35.12550948
Trinidad and Tobago,2012,33.77371196
Trinidad and Tobago,2013,34.3782943
Trinidad and Tobago,2014,33.96103108
Trinidad and Tobago,2015,33.75508491
Trinidad and Tobago,2016,31.84485149
Tunisia,2000,2.0521315159999998
Tunisia,2001,2.125563118
Tunisia,2002,2.113365672
Tunisia,2003,2.136350551
Tunisia,2004,2.224946187
Tunisia,2005,2.242265111
Tunisia,2006,2.253858217
Tunisia,2007,2.3397541090000002
Tunisia,2008,2.383767796
Tunisia,2009,2.355086515
Tunisia,2010,2.600803611
Tunisia,2011,2.4223908659999998
Tunisia,2012,2.489516274
Tunisia,2013,2.5260329390000003
Tunisia,2014,2.605932406
Tunisia,2015,2.7059828269999997
Tunisia,2016,2.64840154
Turkey,2000,3.417941997
Turkey,2001,3.0310103510000004
Turkey,2002,3.1573342280000003
Turkey,2003,3.306488747
Turkey,2004,3.36395109
Turkey,2005,3.496000757
Turkey,2006,3.80492901
Turkey,2007,4.093144465
Turkey,2008,4.032738479
Turkey,2009,3.935469367
Turkey,2010,4.096888453
Turkey,2011,4.372357933
Turkey,2012,4.386124614
Turkey,2013,4.285926545
Turkey,2014,4.478823888
Turkey,2015,4.461231155
Turkey,2016,4.669466686
Turkmenistan,2000,8.312217333
Turkmenistan,2001,8.342192943999999
Turkmenistan,2002,8.669542224
Turkmenistan,2003,9.579936221
Turkmenistan,2004,9.895300018
Turkmenistan,2005,10.16656003
Turkmenistan,2006,10.29328732
Turkmenistan,2007,11.50742063
Turkmenistan,2008,11.51415089
Turkmenistan,2009,10.05212428
Turkmenistan,2010,11.26147873
Turkmenistan,2011,12.07311921
Turkmenistan,2012,12.31475484
Turkmenistan,2013,12.43590562
Turkmenistan,2014,12.51776695
Turkmenistan,2015,12.69909189
Turkmenistan,2016,12.47358651
Uganda,2000,0.060780277
Uganda,2001,0.061946205
Uganda,2002,0.061924705999999996
Uganda,2003,0.062667953
Uganda,2004,0.064805143
Uganda,2005,0.078414179
Uganda,2006,0.088814596
Uganda,2007,0.097997791
Uganda,2008,0.104834308
Uganda,2009,0.107636295
Uganda,2010,0.120883274
Uganda,2011,0.127392876
Uganda,2012,0.118310285
Uganda,2013,0.12348238199999999
Uganda,2014,0.129345873
Uganda,2015,0.139771241
Uganda,2016,0.143267095
Ukraine,2000,6.525532256
Ukraine,2001,6.612406766
Ukraine,2002,6.611444787000001
Ukraine,2003,7.371051365
Ukraine,2004,7.23676392
Ukraine,2005,7.0878987570000005
Ukraine,2006,6.976799586
Ukraine,2007,6.907396071
Ukraine,2008,6.723651437999999
Ukraine,2009,5.64780667
Ukraine,2010,6.641343749
Ukraine,2011,6.265964231
Ukraine,2012,6.487596829
Ukraine,2013,5.976635541
Ukraine,2014,5.046562571
Ukraine,2015,4.34697596
Ukraine,2016,4.493971404
United Arab Emirates,2000,35.91576427
United Arab Emirates,2001,30.70305133
United Arab Emirates,2002,24.33509305
United Arab Emirates,2003,28.76750975
United Arab Emirates,2004,27.81680566
United Arab Emirates,2005,25.29770249
United Arab Emirates,2006,23.34418587
United Arab Emirates,2007,21.97404471
United Arab Emirates,2008,22.169110399999997
United Arab Emirates,2009,21.25389119
United Arab Emirates,2010,18.55247271
United Arab Emirates,2011,19.18306458
United Arab Emirates,2012,24.04313711
United Arab Emirates,2013,23.99600159
United Arab Emirates,2014,24.54304265
United Arab Emirates,2015,21.02639249
United Arab Emirates,2016,22.04082852
United Kingdom,2000,9.199549232999999
United Kingdom,2001,9.233174987
United Kingdom,2002,8.904123108
United Kingdom,2003,9.053277839
United Kingdom,2004,8.989140127
United Kingdom,2005,8.982938536
United Kingdom,2006,8.89871022
United Kingdom,2007,8.617163681000001
United Kingdom,2008,8.440027735
United Kingdom,2009,7.569322681
United Kingdom,2010,7.84936515
United Kingdom,2011,7.073165082
United Kingdom,2012,7.351014938
United Kingdom,2013,7.1098142939999995
United Kingdom,2014,6.497340931
United Kingdom,2015,6.220239615
United Kingdom,2016,5.776795985
Uruguay,2000,1.5983647490000001
Uruguay,2001,1.530547985
Uruguay,2002,1.389165494
Uruguay,2003,1.383537104
Uruguay,2004,1.689161686
Uruguay,2005,1.7386717390000002
Uruguay,2006,1.9992388890000001
Uruguay,2007,1.8017200580000001
Uruguay,2008,2.474512315
Uruguay,2009,2.406222572
Uruguay,2010,1.9015751909999998
Uruguay,2011,2.3043013009999997
Uruguay,2012,2.573105623
Uruguay,2013,2.2384303130000003
Uruguay,2014,1.984240835
Uruguay,2015,1.963537904
Uruguay,2016,1.9758627880000001
Uzbekistan,2000,4.941815954
Uzbekistan,2001,4.944720232
Uzbekistan,2002,5.078575569
Uzbekistan,2003,4.971916543
Uzbekistan,2004,4.874333204
Uzbekistan,2005,4.480082661
Uzbekistan,2006,4.541206044
Uzbekistan,2007,4.473745459
Uzbekistan,2008,4.538017932
Uzbekistan,2009,3.858171993
Uzbekistan,2010,3.647048882
Uzbekistan,2011,3.8748009160000003
Uzbekistan,2012,3.889733195
Uzbekistan,2013,3.417442433
Uzbekistan,2014,3.420722746
Uzbekistan,2015,3.288582762
Uzbekistan,2016,2.882785961
Zambia,2000,0.174972043
Zambia,2001,0.178339467
Zambia,2002,0.180814948
Zambia,2003,0.18763793399999998
Zambia,2004,0.18572084600000002
Zambia,2005,0.19299597899999998
Zambia,2006,0.18826733199999998
Zambia,2007,0.154270853
Zambia,2008,0.16895816100000002
Zambia,2009,0.18979959300000002
Zambia,2010,0.197823105
Zambia,2011,0.208411807
Zambia,2012,0.254266867
Zambia,2013,0.265078347
Zambia,2014,0.292412222
Zambia,2015,0.28542785800000003
Zambia,2016,0.314182895
Zimbabwe,2000,1.171874423
Zimbabwe,2001,1.056376707
Zimbabwe,2002,1.00093113
Zimbabwe,2003,0.889342579
Zimbabwe,2004,0.78923448
Zimbabwe,2005,0.891798247
Zimbabwe,2006,0.8594702590000001
Zimbabwe,2007,0.80664939
Zimbabwe,2008,0.627678197
Zimbabwe,2009,0.44728908100000003
Zimbabwe,2010,0.6145492379999999
Zimbabwe,2011,0.746236404
Zimbabwe,2012,0.600302734
Zimbabwe,2013,0.881704578
Zimbabwe,2014,0.8917386079999999
Zimbabwe,2015,0.891623872
Zimbabwe,2016,0.782776886
